col0,col1
Stall,architectural heritage monument in Bavaria
Stall,architectural heritage monument in Bavaria
Stall,architectural heritage monument in Bavaria
Stall,architectural heritage monument in Bavaria
Stall,architectural heritage monument in Bavaria
Stall,architectural heritage monument in Bavaria
Stall,architectural heritage monument in Bavaria
Stall,architectural heritage monument in Bavaria
Stall,architectural heritage monument in Bavaria
Stall,architectural heritage monument in Bavaria
