col0,col1,col2
"Hong Kong, Qantas",38,51
The big round world of B.O.A.C. - stop off in the Far East,51,75
"Blood debts must be repaid with blood, fiercely resist the fascist brutality of British rule in Hong Kong",54,76
Dawn in the motherland,78,52
"Hong Kong, fly there Cathay Pacific, spanning the Orient",51,75
"Closely follow Chairman Mao's great strategic plan, capture the complete victory of the great proletarian cultural revolution",71,51
Cultural Revolution Group Painting Collective: The Great Historical Documents,105,77
