col0,col1,col2
"Retraction: Cardiovascular Disease, Drug Therapy, and Mortality in Covid-19. N Engl J Med. DOI: 10.1056/NEJMoa2007621",cardiovascular disease,Amit Patel
"Retraction Note to: Bismuth adjuvant ameliorates adverse effects of high-dose chemotherapy in patients with multiple myeloma and malignant lymphoma undergoing autologous stem cell transplantation: a randomised, double-blind, prospective pilot study",RETRACTED: Bismuth adjuvant ameliorates adverse effects of high-dose chemotherapy in patients with multiple myeloma and malignant lymphoma undergoing autologous stem cell transplantation,Milena Penkowa
"Retraction of ""β-Amyloid and α-Synuclein Cooperate To Block SNARE-Dependent Vesicle Fusion"".",Synuclein,Inhee Mook-Jung
Retraction: Effects of valsartan and amlodipine on cardiorenal protection in Japanese hypertensive patients: the Valsartan Amlodipine Randomized Trial.,Effects of valsartan and amlodipine on cardiorenal protection in Japanese hypertensive patients: the Valsartan Amlodipine Randomized Trial.,Issei Komuro
"Retraction notice to ""Synthesis of silver nanoparticles using A. indicum leaf extract and their antibacterial activity"" [SAA (2014) 134C 34-39].",silver nanoparticle,V Kathiravan
"Retraction notice to ""Synthesis, characterization and catalytic activity of Silver Nanoparticles Using Tribulus terrestris Leaf Extract"" [SAA (2014) 88-93].",Tribulus terrestris,V Kathiravan
"Retraction Note to: Improving the diagnosis, treatment, and biology patterns of feline mammary intraepithelial lesions: a potential model for human breast masses with evidence from epidemiologic and cytohistopathologic studies.","RETRACTED: Improving the diagnosis, treatment, and biology patterns of feline mammary intraepithelial lesions: a potential model for human breast masses with evidence from epidemiologic and cytohistopathologic studies.",Radmehr Shafiee
"Retraction Note to: Diagnostic investigations of canine prostatitis incidence together with benign prostate hyperplasia, prostate malignancies, and biochemical recurrence in high-risk prostate cancer as a model for human study.",prostatic hypertrophy,Radmehr Shafiee
Retraction Note to: Urinary parameters predictive and electrolyte disturbances of cisplatin-induced acute renal associated with cancer as a critical target of the chemotherapeutic agent in patients with solid tumors.,chemotherapy,Ali Mohammad Bahrami
