col0,col1,col2,col3
Saint Veronica,Albrecht Dürer,woodcut process,Saint Veronica
Saint Michael Fighting the Dragon,Albrecht Dürer,woodcut process,Saint Michael Fighting the Dragon
Helius Eobanus Hessus,Albrecht Dürer,woodcut process,Eobanus Hess
Saint Andrew,Lucas Cranach the Elder,woodcut process,Saint Andrew
The Betrothal of Maximilian with Mary of Burgundy,Albrecht Dürer,woodcut process,The Betrothal of Maximilian with Mary of Burgundy
The Betrothal of Maximilian with Mary of Burgundy,Albrecht Dürer,woodcut process,
Three Animals,Franz Marc,woodcut process,
Pilate washing his hands,Albrecht Dürer,woodcut process,Pilate Washing His Hands
Saint Mary Magdalene,Albrecht Dürer,woodcut process,Saint Mary Magdalene
Marriage of the Virgin,Albrecht Dürer,woodcut process,The Betrothal of the Virgin
