col0,col1
Stall Krumbach 23; Krumbach 24 in Halsbach,architectural heritage monument in Bavaria
Stall Lämmersreut 8 in Waldkirchen,architectural heritage monument in Bavaria
Stall Lohen 4 in Maitenbeth,architectural heritage monument in Bavaria
Schweinestall Rottenegger Straße 1 in Wolnzach,architectural heritage monument in Bavaria
Schweinestall Weingartsgreuth 58 in Wachenroth,architectural heritage monument in Bavaria
Schweinestall Krottenbacher Straße 86 in Nürnberg,architectural heritage monument in Bavaria
Stall Kronest 1 in Trostberg,architectural heritage monument in Bavaria
Stall Conrad-Celtis-Straße 14 in Wipfeld,architectural heritage monument in Bavaria
