col0,col1
"Interview of Sophie Steffer on her twenty year career in the U.S. Army Nurse Corps, focusing primarily on her service in WWII",308
Interview of Mary Duncan Clark on her twenty-eight year career in the U.S. Army Nurse Corps,250
"Oral history interview with Otto Wittmann, 1976 August 19-20",
Interview of Katherine Wilson on her service in the American Red Cross in Europe during WWII,3465
Black Leadership in Los Angeles,
American Indian Relocation Project,
The Graham Norton Show: Mark Ruffalo/Nicki Minaj/John Bishop/Rufus Wainwright,
Nicki Minaj's XXL 20th Anniversary Cover Story Interview,
