col0,col1
figure skating at the 2020 Winter Youth Olympics – pair skating,8
figure skating at the 2020 Winter Youth Olympics – ice dancing,12
figure skating at the 2020 Winter Youth Olympics – girls' singles,16
alpine skiing at the 2020 Winter Youth Olympics – boys' super-G,61
figure skating at the 2020 Winter Youth Olympics – boys' singles,15
modern pentathlon at the 2018 Summer Youth Olympics – mixed relay,46
modern pentathlon at the 2018 Summer Youth Olympics – girls' individual,24
