col0,col1,col2,col3
Gseen Man,Green Lantern Corps,DC Universe,Green Lantern
r-E,Black Lantern Corps,DC Universe,"Supergirl, season 1"
yborg,Justice League,DC Extended Universe,Zack Snyder's Justice League
Cybrg,Justice League,DC Universe,Lego DC Comics Super Heroes: The Flash
Vhe Major,Millennium,,Hellsing Ultimate
enry Heywood,Shadow Fighters,DC Universe,Crisis on Infinite Earths
Inpector Gadget,,Inspector Gadget universe,Inspector Gadget
Micjael Peterson,,Marvel Cinematic Universe,Agents of S.H.I.E.L.D.
Darth Mcl.,Crimson Dawn,Star Wars universe,Star Wars: Episode I – The Phantom Menace
