Sex,Weight ,Weight ,BMI ,BMI 
http://www.wikidata.org/entity/Q53576707,159,130,22.02,18.14
http://www.wikidata.org/entity/Q126418,214,190,19.7,17.44
http://www.wikidata.org/entity/Q126418,163,152,24.09,22.43
http://www.wikidata.org/entity/Q126418,205,194,26.97,25.57
http://www.wikidata.org/entity/Q126404,150,141,21.51,20.1
http://www.wikidata.org/entity/Q53576707,130,121,18.69,17.4
http://www.wikidata.org/entity/Q126404,141,132,24.24,22.88
http://www.wikidata.org/entity/Q126404,123,117,21.23,20.23
http://www.wikidata.org/entity/Q126404,154,150,30.26,29.24
http://www.wikidata.org/entity/Q126404,128,123,21.88,21.02
http://www.wikidata.org/entity/Q126404,110,104,17.63,16.89
http://www.wikidata.org/entity/Q126418,156,152,24.57,23.85
http://www.wikidata.org/entity/Q126418,148,145,20.68,20.15
http://www.wikidata.org/entity/Q126404,123,121,20.97,20.36
http://www.wikidata.org/entity/Q126404,154,150,27.3,26.73
http://www.wikidata.org/entity/Q126404,134,132,23.3,22.88
http://www.wikidata.org/entity/Q126404,117,115,19.48,19.24
http://www.wikidata.org/entity/Q126418,203,203,24.74,24.69
http://www.wikidata.org/entity/Q126404,126,128,20.69,20.79
http://www.wikidata.org/entity/Q126418,148,148,20.49,20.6
http://www.wikidata.org/entity/Q126404,128,128,21.09,21.24
http://www.wikidata.org/entity/Q126404,108,110,18.37,18.53
http://www.wikidata.org/entity/Q126418,150,150,22.4,22.61
http://www.wikidata.org/entity/Q126404,152,152,28.17,28.43
http://www.wikidata.org/entity/Q126418,192,194,23.6,23.81
http://www.wikidata.org/entity/Q62066997,179,181,26.52,26.78
http://www.wikidata.org/entity/Q53576707,132,134,18.89,19.27
http://www.wikidata.org/entity/Q76356310,115,117,19.31,19.75
http://www.wikidata.org/entity/Q126418,154,156,20.96,21.32
http://www.wikidata.org/entity/Q126404,139,141,21.78,22.22
http://www.wikidata.org/entity/Q76356310,123,126,19.78,20.23
http://www.wikidata.org/entity/Q126418,150,152,22.4,22.82
http://www.wikidata.org/entity/Q126418,150,152,22.76,23.19
http://www.wikidata.org/entity/Q76356310,119,123,20.15,20.69
http://www.wikidata.org/entity/Q62066997,176,181,22.14,22.57
http://www.wikidata.org/entity/Q126418,141,145,20.27,20.76
http://www.wikidata.org/entity/Q126404,126,130,22.15,22.93
http://www.wikidata.org/entity/Q76356310,139,143,23.87,24.67
http://www.wikidata.org/entity/Q126404,119,123,18.61,19.34
http://www.wikidata.org/entity/Q126404,123,128,21.73,22.58
http://www.wikidata.org/entity/Q127021,119,123,18.93,19.72
http://www.wikidata.org/entity/Q126418,161,165,25.88,26.72
http://www.wikidata.org/entity/Q126418,170,174,28.59,29.53
http://www.wikidata.org/entity/Q126404,139,145,21.89,22.79
http://www.wikidata.org/entity/Q126404,112,119,18.31,19.28
http://www.wikidata.org/entity/Q126404,130,137,19.64,20.63
http://www.wikidata.org/entity/Q126404,143,150,23.02,24.1
http://www.wikidata.org/entity/Q76356310,117,123,20.63,21.91
http://www.wikidata.org/entity/Q126404,137,143,22.61,23.81
http://www.wikidata.org/entity/Q126404,121,128,22.03,23.42
http://www.wikidata.org/entity/Q126418,163,170,20.31,21.34
http://www.wikidata.org/entity/Q126418,163,172,20.31,21.36
http://www.wikidata.org/entity/Q126418,141,150,19.59,20.77
http://www.wikidata.org/entity/Q126418,141,150,21.05,22.31
http://www.wikidata.org/entity/Q76356310,126,134,23.47,25.11
http://www.wikidata.org/entity/Q126404,141,150,22.84,24.29
http://www.wikidata.org/entity/Q126404,132,141,19.5,20.9
http://www.wikidata.org/entity/Q126418,141,150,18.51,19.83
http://www.wikidata.org/entity/Q126418,145,156,21.4,22.97
http://www.wikidata.org/entity/Q126404,115,126,17.72,19.42
http://www.wikidata.org/entity/Q126418,156,170,22.26,23.87
http://www.wikidata.org/entity/Q126404,121,132,21.64,23.81
http://www.wikidata.org/entity/Q126418,143,156,22.51,24.45
http://www.wikidata.org/entity/Q62066997,165,181,23.69,25.8
http://www.wikidata.org/entity/Q126404,93,108,15.08,17.74
http://www.wikidata.org/entity/Q62066997,163,181,22.64,25.33
http://www.wikidata.org/entity/Q90805666,207,231,36.57,40.86
