Index,Item,Cost,Tax,Total
1,http://www.wikidata.org/entity/Q765087,7.97,0.6,8.57
2,http://www.wikidata.org/entity/Q608201,2.97,0.22,3.19
3,http://www.wikidata.org/entity/Q20020499,1.29,0.1,1.39
4,http://www.wikidata.org/entity/Q1631090,14.96,1.12,16.08
5,http://www.wikidata.org/entity/Q3306551,7.28,0.55,7.83
6,http://www.wikidata.org/entity/Q806093,6.68,0.5,7.18
7,http://www.wikidata.org/entity/Q16797560,10.0,0.75,10.75
8,http://www.wikidata.org/entity/Q49428749,8.98,0.67,9.65
9,http://www.wikidata.org/entity/Q2915859,2.12,0.16,2.28
10,http://www.wikidata.org/entity/Q8353,6.19,0.46,6.65
