col0,col1,col2,col3
The Death of the Virgin,The Death of the Virgin,Virgin Mary,Life of the Virgin
The Flight into Egypt,The Flight into Egypt,Jesus,Life of the Virgin
The Annunciation,The Annunciation,Annunciation,Life of the Virgin
Saint Philip,Saint Philip,Philip the Apostle,The Martyrdom of the Twelve Apostles
The Angel Appearing to Joachim,Joachim and the Angel,Joachim,Life of the Virgin
Christ appears to Mary Magdalene,Noli Me Tangere,Mary Magdalene,Little Passion
The Adoration of the Magi,The Adoration of the Magi,Virgin Mary,Life of the Virgin
