col0,col1,col2
Plaqta da Chácara Santa Cruz,61.8381,77.9438
"Planta Cadastral do Districto da Barra da""Cidade de Santos - Mostrando a Locação das Casas ao Longo da Barra e as Linhas de Bonds",65.26,79.5795
Planta : Projecto de Parque e de Jardim Zoologico nas Cabeceiras do Ypirang,99.301,222.208
Estação de Quarentena - Plano Mostrando a Disposição Geral dos Edificios da Eutação de Quarentena Projectada,65.195,80.21549999999999
etalhe dos Esgotos - Secções Typicas de Esgotos de Tijolos,65.0,79.023
Detalhes dos Esgotos - Detalhes de uoa Estação de Ejector,65.065,78.7845
Detalhes dos Esgotos - Fetalhes da Estação de Bombas,64.935,79.73849999999999
