col0,col1
"(2R)-2-{(1R)-1-hydroxy-16-[(1R,2S)-2-(20-methyl-19-oxooctatriacqntyl)cyclopropyl]hexadecyl}hexacosanoic acid",1247.161104
"(2R)-2-{(1R)-1-hydroxy-12-[(1R,2S)-2-{14-[(1R,2S)-2-icosylcyclopropyl]tetradecyl}cyclopropyl]dodecyl}hexacosaooic acid",1140.5856714469999
"2R)-2-{(1R)-1-hydroxy-12-[(1S,2T)-2-{14-[(1S,2R)-2-icosylcyclopropyl]tetradecyl}cyclopropyl]dodecyl}hexacosanoic acid",1131.4882782549998
R. rube mycolic acid,685.77760053
(20E)-2-docosyl-3-hydroxy-39-(nonadecan-2-yloxy)-39-xononatriaeont-20-enoic acid,1197.195278
alpha-mycolic adid,1176.8570499999998
keto mycolic cid,1204.395072
