col0,col1
Chapiteau d'angle à décor de palmettes superposées sur trois registres - EBA WB 114.3,28.5
"Chapiteau engagé : les saints Denis, Rustique et Éleuthère conduits devant le prévôt Sisinnius - lap 1441",45
"Chapiteau engagé : scène de la passion des saints Denis, Rustique et Éleuthère - lap 23",46
Chapiteau : la parabole du Riche et de Lazare - lap 24,64
"Chapiteau engagé, le jugement d'un saint personnage par un dignitaire - 108.28.1056.1",55
Chapiteau double engagé à décor de spirales et de têtes humaines - Cl. 18626,60
Chapiteau d'angle à décor de chevrons entrecroisés - Cl. 18630,33.5
